metric,value
test_images,9062
raw_predictions,8251
accepted_predictions,1527
known_gt,2484
other_gt,8880
tp,1196
fp,331
fn,1288
end_to_end_precision,0.7832351015062213
end_to_end_recall,0.48148148148148145
end_to_end_f1,0.5963600099725754
macro_f1,0.5945674880982554
known_detection_coverage,0.4830917874396135
other_sign_false_accept_rate,0.0005630630630630631
other_sign_reject_rate,0.9994369369369369
